dteday,season,mnth,holiday,weekday,workingday,weathersit,temp,atemp,hum,windspeed,cnt,season-1,season-2,season-3,season-4,mnth-1,mnth-10,mnth-11,mnth-12,mnth-2,mnth-3,mnth-4,mnth-5,mnth-6,mnth-7,mnth-8,mnth-9,weekday-0,weekday-1,weekday-2,weekday-3,weekday-4,weekday-5,weekday-6,weathersit-1,weathersit-2,weathersit-3,is_weekend,avg_temp,Scored Labels
2012-12-28 00:00:00+00:00,1,12,0,5,1,2,0.24198597297618574,0.23099278260769113,0.6066838046272492,0.27434997700338076,3095,1.0,0.0,0.0,0.0,0.0,0.0,0.0,1.0,0.0,0.0,0.0,0.0,0.0,0.0,0.0,0.0,0.0,0.0,0.0,0.0,0.0,1.0,0.0,0.0,1.0,0.0,0,0.23866671738568387,3389.210068916676
2012-02-14 00:00:00+00:00,1,2,0,2,1,2,0.3240183687572629,0.33455968446354706,0.5231362467866324,0.24488626723535284,3922,1.0,0.0,0.0,0.0,0.0,0.0,0.0,0.0,1.0,0.0,0.0,0.0,0.0,0.0,0.0,0.0,0.0,0.0,1.0,0.0,0.0,0.0,0.0,0.0,1.0,0.0,0,0.3319815425759286,3861.1330334250815
2012-12-30 00:00:00+00:00,1,12,0,0,0,1,0.24510109570080668,0.2003480057923957,0.49700051413881746,0.6769361535098037,1796,1.0,0.0,0.0,0.0,0.0,0.0,0.0,1.0,0.0,0.0,0.0,0.0,0.0,0.0,0.0,0.0,1.0,0.0,0.0,0.0,0.0,0.0,0.0,1.0,0.0,0.0,1,0.22522660762629196,2954.47270315538
2012-05-08 00:00:00+00:00,2,5,0,2,1,2,0.6511062548424583,0.6279664238466927,0.705226735218509,0.564117687441001,5728,0.0,1.0,0.0,0.0,0.0,0.0,0.0,0.0,0.0,0.0,0.0,1.0,0.0,0.0,0.0,0.0,0.0,0.0,1.0,0.0,0.0,0.0,0.0,0.0,1.0,0.0,0,0.6453380304301208,5644.897736231607
2011-12-21 00:00:00+00:00,1,12,0,3,1,2,0.46004456369964936,0.4580405719728273,0.8826046272493573,0.41026607840950396,2660,1.0,0.0,0.0,0.0,0.0,0.0,0.0,1.0,0.0,0.0,0.0,0.0,0.0,0.0,0.0,0.0,0.0,0.0,0.0,1.0,0.0,0.0,0.0,0.0,1.0,0.0,0,0.46301519829738835,1370.6774790247177
2011-09-13 00:00:00+00:00,3,9,0,2,1,1,0.7372904861909102,0.6884565827595368,0.7326478149100257,0.24617473761073894,4763,0.0,0.0,1.0,0.0,0.0,0.0,0.0,0.0,0.0,0.0,0.0,0.0,0.0,0.0,0.0,1.0,0.0,0.0,1.0,0.0,0.0,0.0,0.0,1.0,0.0,0.0,0,0.7196428951360676,5017.220852519606
2012-04-18 00:00:00+00:00,2,4,0,3,1,2,0.5036562818443421,0.4961345524387183,0.5852616966580977,0.29999775290766534,4367,0.0,1.0,0.0,0.0,0.0,0.0,0.0,0.0,0.0,0.0,1.0,0.0,0.0,0.0,0.0,0.0,0.0,0.0,0.0,1.0,0.0,0.0,0.0,0.0,1.0,0.0,0,0.5042916670158972,5656.070856253689
2011-10-29 00:00:00+00:00,4,10,0,6,0,3,0.2430251779171193,0.19537705703031555,0.9074550128534703,0.6782081314643847,627,0.0,0.0,0.0,1.0,0.0,1.0,0.0,0.0,0.0,0.0,0.0,0.0,0.0,0.0,0.0,0.0,0.0,0.0,0.0,0.0,0.0,0.0,1.0,0.0,0.0,1.0,1,0.22171087710158863,856.8880074703883
2011-02-21 00:00:00+00:00,1,2,1,1,0,2,0.30428842746860396,0.2690972641536182,0.6221079691516709,0.5884790545225002,1107,1.0,0.0,0.0,0.0,0.0,0.0,0.0,0.0,1.0,0.0,0.0,0.0,0.0,0.0,0.0,0.0,0.0,1.0,0.0,0.0,0.0,0.0,0.0,0.0,1.0,0.0,0,0.28961934302969194,328.4856713062935
2011-03-02 00:00:00+00:00,1,3,0,3,1,1,0.3437470639968321,0.3163468737759678,0.46229614395886887,0.5884522543386922,2134,1.0,0.0,0.0,0.0,0.0,0.0,0.0,0.0,0.0,1.0,0.0,0.0,0.0,0.0,0.0,0.0,0.0,0.0,0.0,1.0,0.0,0.0,0.0,1.0,0.0,0.0,0,0.33324393031980704,2438.8481656093722
2012-10-05 00:00:00+00:00,4,10,0,5,1,1,0.6926408091543738,0.6577842406091465,0.6452442159383033,0.17308445170843956,8156,0.0,0.0,0.0,1.0,0.0,1.0,0.0,0.0,0.0,0.0,0.0,0.0,0.0,0.0,0.0,0.0,0.0,0.0,0.0,0.0,0.0,1.0,0.0,1.0,0.0,0.0,0,0.6814746855152289,7521.105493059586
2012-02-17 00:00:00+00:00,1,2,0,5,1,1,0.35413039106253846,0.3577710092483012,0.6525275064267352,0.3782006892594965,4154,1.0,0.0,0.0,0.0,0.0,0.0,0.0,0.0,1.0,0.0,0.0,0.0,0.0,0.0,0.0,0.0,0.0,0.0,0.0,0.0,0.0,1.0,0.0,1.0,0.0,0.0,0,0.35896298521820036,4158.652738235052
2012-08-19 00:00:00+00:00,3,8,0,0,0,2,0.7185997498431846,0.6884565827595368,0.7317912596401028,0.13205955495614768,4549,0.0,0.0,1.0,0.0,0.0,0.0,0.0,0.0,0.0,0.0,0.0,0.0,0.0,0.0,1.0,0.0,1.0,0.0,0.0,0.0,0.0,0.0,0.0,0.0,1.0,0.0,1,0.7099718960767335,5996.715769712413
2012-12-03 00:00:00+00:00,4,12,0,1,1,1,0.4901578320540148,0.4945042597631165,0.7892030848329048,0.12437161299792421,6234,0.0,0.0,0.0,1.0,0.0,0.0,0.0,1.0,0.0,0.0,0.0,0.0,0.0,0.0,0.0,0.0,0.0,1.0,0.0,0.0,0.0,0.0,0.0,1.0,0.0,0.0,0,0.4965065127731332,5796.2245690709515
2012-01-13 00:00:00+00:00,1,1,0,5,1,1,0.2679461597140866,0.2235317652420551,0.5218508997429305,0.7333278633470998,3214,1.0,0.0,0.0,0.0,1.0,0.0,0.0,0.0,0.0,0.0,0.0,0.0,0.0,0.0,0.0,0.0,0.0,0.0,0.0,0.0,0.0,1.0,0.0,1.0,0.0,0.0,0,0.24843442643561145,3300.429275220765
2011-12-27 00:00:00+00:00,1,12,0,2,1,2,0.33128657309834847,0.32627301968007405,0.7840616966580976,0.3423379202191513,1162,1.0,0.0,0.0,0.0,0.0,0.0,0.0,1.0,0.0,0.0,0.0,0.0,0.0,0.0,0.0,0.0,0.0,0.0,1.0,0.0,0.0,0.0,0.0,0.0,1.0,0.0,0,0.3316720706060299,1121.2755733372442
2012-11-26 00:00:00+00:00,4,11,0,1,1,1,0.3167489183670876,0.3411989923163597,0.5505573264781491,0.05000976145156392,5087,0.0,0.0,0.0,1.0,0.0,0.0,1.0,0.0,0.0,0.0,0.0,0.0,0.0,0.0,0.0,0.0,0.0,1.0,0.0,0.0,0.0,0.0,0.0,1.0,0.0,0.0,0,0.3314812295579257,5829.849991399786
2012-01-30 00:00:00+00:00,1,1,0,1,1,1,0.26171591426484475,0.24094124330687405,0.4121676092544987,0.39870489142524,3624,1.0,0.0,0.0,0.0,1.0,0.0,0.0,0.0,0.0,0.0,0.0,0.0,0.0,0.0,0.0,0.0,0.0,1.0,0.0,0.0,0.0,0.0,0.0,1.0,0.0,0.0,0,0.2537618574507633,3822.3735946158627
2012-07-30 00:00:00+00:00,3,7,0,1,1,1,0.8369744133787792,0.7953483890818169,0.6876606683804627,0.2705278584818356,7105,0.0,0.0,1.0,0.0,0.0,0.0,0.0,0.0,0.0,0.0,0.0,0.0,0.0,1.0,0.0,0.0,0.0,1.0,0.0,0.0,0.0,0.0,0.0,1.0,0.0,0.0,0,0.8237241212124338,6479.229282231441
2011-02-09 00:00:00+00:00,1,2,0,3,1,2,0.09426685337466227,0.08560139160312637,0.5087742930591259,0.3431398641807916,1605,1.0,0.0,0.0,0.0,0.0,0.0,0.0,0.0,1.0,0.0,0.0,0.0,0.0,0.0,0.0,0.0,0.0,0.0,0.0,1.0,0.0,0.0,0.0,0.0,1.0,0.0,0,0.0908209968994777,990.8243995125971
2012-08-31 00:00:00+00:00,3,8,0,5,1,1,0.8785102137397847,0.8011410473567205,0.6041131105398457,0.3012779770726489,7350,0.0,0.0,1.0,0.0,0.0,0.0,0.0,0.0,0.0,0.0,0.0,0.0,0.0,0.0,1.0,0.0,0.0,0.0,0.0,0.0,0.0,1.0,0.0,1.0,0.0,0.0,0,0.8480608679786129,7408.692350308938
2012-12-12 00:00:00+00:00,4,12,0,3,1,2,0.2970202231275184,0.2865067422184371,0.5535557840616966,0.28974152871959236,5319,0.0,0.0,0.0,1.0,0.0,0.0,0.0,1.0,0.0,0.0,0.0,0.0,0.0,0.0,0.0,0.0,0.0,0.0,0.0,1.0,0.0,0.0,0.0,0.0,1.0,0.0,0,0.29440971123041537,5073.631826826442
2012-08-18 00:00:00+00:00,3,8,0,6,0,1,0.7715568361617401,0.7075121051200115,0.6203938303341902,0.32052050904681434,7865,0.0,0.0,1.0,0.0,0.0,0.0,0.0,0.0,0.0,0.0,0.0,0.0,0.0,0.0,1.0,0.0,0.0,0.0,0.0,0.0,0.0,0.0,1.0,1.0,0.0,0.0,1,0.7467326529678039,6831.328422245895
2011-11-01 00:00:00+00:00,4,11,0,2,1,1,0.42577821372881935,0.41744208391833093,0.7030848329048842,0.2333250802510889,4068,0.0,0.0,0.0,1.0,0.0,0.0,1.0,0.0,0.0,0.0,0.0,0.0,0.0,0.0,0.0,0.0,0.0,0.0,1.0,0.0,0.0,0.0,0.0,1.0,0.0,0.0,0,0.4253440780281993,3588.640304496024
2011-05-04 00:00:00+00:00,2,5,0,3,1,2,0.4423930322928575,0.42736822982243716,0.7579259640102828,0.6320808920255642,2633,0.0,1.0,0.0,0.0,0.0,0.0,0.0,0.0,0.0,0.0,0.0,1.0,0.0,0.0,0.0,0.0,0.0,0.0,0.0,1.0,0.0,0.0,0.0,0.0,1.0,0.0,0,0.43881642445112246,2806.2314789957463
2011-03-15 00:00:00+00:00,1,3,0,2,1,2,0.3218053855736922,0.31386205571243,0.6741922879177378,0.33380103089999347,2056,1.0,0.0,0.0,0.0,0.0,0.0,0.0,0.0,0.0,1.0,0.0,0.0,0.0,0.0,0.0,0.0,0.0,0.0,1.0,0.0,0.0,0.0,0.0,0.0,1.0,0.0,0,0.32067034207613143,1940.814345617337
2012-11-19 00:00:00+00:00,4,11,0,1,1,2,0.4008572319318521,0.38926374827651017,0.640959383033419,0.4384413178021458,5499,0.0,0.0,0.0,1.0,0.0,0.0,1.0,0.0,0.0,0.0,0.0,0.0,0.0,0.0,0.0,0.0,0.0,1.0,0.0,0.0,0.0,0.0,0.0,0.0,1.0,0.0,0,0.3986089234953053,4865.135903384587
2012-01-21 00:00:00+00:00,1,1,0,6,0,2,0.14230204578831668,0.12575752166110282,0.8547557840616966,0.4128265267394711,1301,1.0,0.0,0.0,0.0,1.0,0.0,0.0,0.0,0.0,0.0,0.0,0.0,0.0,0.0,0.0,0.0,0.0,0.0,0.0,0.0,0.0,0.0,1.0,0.0,1.0,0.0,1,0.13539914469684317,2336.3708561169165
2011-05-10 00:00:00+00:00,2,5,0,2,1,1,0.5898417592418838,0.5823523574399626,0.5029994858611825,0.192300183498797,4803,0.0,1.0,0.0,0.0,0.0,0.0,0.0,0.0,0.0,0.0,0.0,1.0,0.0,0.0,0.0,0.0,0.0,0.0,1.0,0.0,0.0,0.0,0.0,1.0,0.0,0.0,0,0.5912339485593112,4778.959772174023
2012-05-04 00:00:00+00:00,2,5,0,5,1,1,0.7082164227774782,0.6718688142075412,0.756212853470437,0.289743590272193,6296,0.0,1.0,0.0,0.0,0.0,0.0,0.0,0.0,0.0,0.0,0.0,1.0,0.0,0.0,0.0,0.0,0.0,0.0,0.0,0.0,0.0,1.0,0.0,1.0,0.0,0.0,0,0.6964518393917845,6738.194993321158
2011-12-07 00:00:00+00:00,4,12,0,3,1,3,0.43720074573545925,0.4215873852625742,0.9978580976863752,0.5025720961021607,705,0.0,0.0,0.0,1.0,0.0,0.0,0.0,1.0,0.0,0.0,0.0,0.0,0.0,0.0,0.0,0.0,0.0,0.0,0.0,1.0,0.0,0.0,0.0,0.0,0.0,1.0,0,0.4332904155886189,959.0657518280066
2011-09-02 00:00:00+00:00,3,9,0,5,1,2,0.7279451180170475,0.6901026270551925,0.7476431876606684,0.2423093264845807,4727,0.0,0.0,1.0,0.0,0.0,0.0,0.0,0.0,0.0,0.0,0.0,0.0,0.0,0.0,0.0,1.0,0.0,0.0,0.0,0.0,0.0,1.0,0.0,0.0,1.0,0.0,0,0.7156158911277609,4626.548212768983
2012-06-21 00:00:00+00:00,3,6,0,4,1,1,0.9304280951174064,0.8840234468115045,0.5839763496143958,0.1987239814023217,5905,0.0,0.0,1.0,0.0,0.0,0.0,0.0,0.0,0.0,0.0,0.0,0.0,1.0,0.0,0.0,0.0,0.0,0.0,0.0,0.0,1.0,0.0,0.0,1.0,0.0,0.0,0,0.9156340726059925,7669.531156582007
2011-06-04 00:00:00+00:00,2,6,0,6,0,1,0.7175617909513411,0.6768292618895853,0.4691516709511568,0.2077020429780117,5342,0.0,1.0,0.0,0.0,0.0,0.0,0.0,0.0,0.0,0.0,0.0,0.0,1.0,0.0,0.0,0.0,0.0,0.0,0.0,0.0,0.0,0.0,1.0,1.0,0.0,0.0,1,0.7037237859511332,5121.941738321419
2011-10-24 00:00:00+00:00,4,10,0,1,1,1,0.5036562818443421,0.496172618853849,0.7939156812339331,0.19873428916532476,4187,0.0,0.0,0.0,1.0,0.0,1.0,0.0,0.0,0.0,0.0,0.0,0.0,0.0,0.0,0.0,0.0,0.0,1.0,0.0,0.0,0.0,0.0,0.0,1.0,0.0,0.0,0,0.5043103642807452,4435.813851797376
2011-11-12 00:00:00+00:00,4,11,0,6,0,1,0.3707452096265766,0.3660576740317741,0.5685521850899743,0.391015300224936,4067,0.0,0.0,0.0,1.0,0.0,0.0,1.0,0.0,0.0,0.0,0.0,0.0,0.0,0.0,0.0,0.0,0.0,0.0,0.0,0.0,0.0,0.0,1.0,1.0,0.0,0.0,1,0.3716300597861162,3507.6706221996183
2012-02-23 00:00:00+00:00,1,2,0,4,1,1,0.4922349958867919,0.47960585246192566,0.5702652956298201,0.34741552427447264,5062,1.0,0.0,0.0,0.0,0.0,0.0,0.0,0.0,1.0,0.0,0.0,0.0,0.0,0.0,0.0,0.0,0.0,0.0,0.0,0.0,1.0,0.0,0.0,1.0,0.0,0.0,0,0.4902635605136977,4777.761821857355
2012-05-01 00:00:00+00:00,2,5,0,2,1,2,0.6905636453215965,0.6536284381848673,0.6782344473007712,0.2756384473787668,5740,0.0,1.0,0.0,0.0,0.0,0.0,0.0,0.0,0.0,0.0,0.0,1.0,0.0,0.0,0.0,0.0,0.0,0.0,1.0,0.0,0.0,0.0,0.0,0.0,1.0,0.0,0,0.6783586896183115,6211.126551514228
2011-04-07 00:00:00+00:00,2,4,0,4,1,1,0.47146709570628936,0.46549502616344085,0.6199660668380462,0.2884530583442063,3141,0.0,1.0,0.0,0.0,0.0,0.0,0.0,0.0,0.0,0.0,1.0,0.0,0.0,0.0,0.0,0.0,0.0,0.0,0.0,0.0,1.0,0.0,0.0,1.0,0.0,0.0,0,0.47258690843304674,3863.9573135452915
2012-11-23 00:00:00+00:00,4,11,0,5,1,1,0.3852816183087476,0.3934090496207534,0.5848329048843187,0.258991410128779,3910,0.0,0.0,0.0,1.0,0.0,0.0,1.0,0.0,0.0,0.0,0.0,0.0,0.0,0.0,0.0,0.0,0.0,0.0,0.0,0.0,0.0,1.0,0.0,1.0,0.0,0.0,0,0.39258582528115205,5920.2734980168025
2011-02-26 00:00:00+00:00,1,2,0,6,0,1,0.27832948677979297,0.2666255724401254,0.5531280205655527,0.3384642628825906,1969,1.0,0.0,0.0,0.0,0.0,0.0,0.0,0.0,1.0,0.0,0.0,0.0,0.0,0.0,0.0,0.0,0.0,0.0,0.0,0.0,0.0,0.0,1.0,1.0,0.0,0.0,1,0.27497358205423617,2047.4640334488965
2011-02-28 00:00:00+00:00,1,2,0,1,1,2,0.4338027698674429,0.42141936798199686,0.901145501285347,0.551041259295283,1446,1.0,0.0,0.0,0.0,0.0,0.0,0.0,0.0,1.0,0.0,0.0,0.0,0.0,0.0,0.0,0.0,0.0,1.0,0.0,0.0,0.0,0.0,0.0,0.0,1.0,0.0,0,0.4314497021009923,1084.671331631496
2012-04-05 00:00:00+00:00,2,4,0,4,1,1,0.46835197298166836,0.46217012169701654,0.384747557840617,0.40640891349374825,6457,0.0,1.0,0.0,0.0,0.0,0.0,0.0,0.0,0.0,0.0,1.0,0.0,0.0,0.0,0.0,0.0,0.0,0.0,0.0,0.0,1.0,0.0,0.0,1.0,0.0,0.0,0,0.46934196588200483,6073.985003945689
2011-08-03 00:00:00+00:00,3,8,0,3,1,2,0.8380136183197128,0.7887195823090404,0.6760925449871464,0.23334981888229628,3574,0.0,0.0,1.0,0.0,0.0,0.0,0.0,0.0,0.0,0.0,0.0,0.0,0.0,0.0,1.0,0.0,0.0,0.0,0.0,1.0,0.0,0.0,0.0,0.0,1.0,0.0,0,0.8210059257434903,4606.381895369306
2012-01-07 00:00:00+00:00,1,1,0,6,0,1,0.41643284555495663,0.40916066967487597,0.5467012853470437,0.314111142011494,4521,1.0,0.0,0.0,0.0,1.0,0.0,0.0,0.0,0.0,0.0,0.0,0.0,0.0,0.0,0.0,0.0,0.0,0.0,0.0,0.0,0.0,0.0,1.0,1.0,0.0,0.0,1,0.4164409562941762,4309.0942476468745
2012-01-26 00:00:00+00:00,1,1,0,4,1,2,0.3520544732788511,0.36357416860324077,0.7913449871465296,0.10514763499716434,4075,1.0,0.0,0.0,0.0,1.0,0.0,0.0,0.0,0.0,0.0,0.0,0.0,0.0,0.0,0.0,0.0,0.0,0.0,0.0,0.0,1.0,0.0,0.0,0.0,1.0,0.0,0,0.36073922537876457,3718.3824790810804
2011-01-15 00:00:00+00:00,1,1,0,6,0,2,0.2170649911792185,0.22189097148641734,0.512853470437018,0.27948736608412,1248,1.0,0.0,0.0,0.0,1.0,0.0,0.0,0.0,0.0,0.0,0.0,0.0,0.0,0.0,0.0,0.0,0.0,0.0,0.0,0.0,0.0,0.0,1.0,0.0,1.0,0.0,1,0.22130147147474352,1327.8917372919261
2011-03-29 00:00:00+00:00,2,3,0,2,1,1,0.30325046857676025,0.2806917691484569,0.32305089974293055,0.4218025267625605,2425,0.0,1.0,0.0,0.0,0.0,0.0,0.0,0.0,0.0,1.0,0.0,0.0,0.0,0.0,0.0,0.0,0.0,0.0,1.0,0.0,0.0,0.0,0.0,1.0,0.0,0.0,0,0.2947772091946701,3735.753563471003
2011-05-27 00:00:00+00:00,2,5,0,5,1,1,0.7757111638272947,0.7323694742004214,0.6722365038560412,0.45001075099681226,4679,0.0,1.0,0.0,0.0,0.0,0.0,0.0,0.0,0.0,0.0,0.0,1.0,0.0,0.0,0.0,0.0,0.0,0.0,0.0,0.0,0.0,1.0,0.0,1.0,0.0,0.0,0,0.7610915076378326,4963.464513529562
2012-08-11 00:00:00+00:00,3,8,0,6,0,2,0.789209613617622,0.7340220816710998,0.7536421593830335,0.3795056520556875,6299,0.0,0.0,1.0,0.0,0.0,0.0,0.0,0.0,0.0,0.0,0.0,0.0,0.0,0.0,1.0,0.0,0.0,0.0,0.0,0.0,0.0,0.0,1.0,0.0,1.0,0.0,1,0.7688876223461972,6107.530347238775
2011-07-28 00:00:00+00:00,3,7,0,4,1,1,0.8972009500875101,0.8674291150844864,0.5998282776349614,0.32178217923839236,4390,0.0,0.0,1.0,0.0,0.0,0.0,0.0,0.0,0.0,0.0,0.0,0.0,0.0,1.0,0.0,0.0,0.0,0.0,0.0,0.0,1.0,0.0,0.0,1.0,0.0,0.0,0,0.8902908972043722,4934.476846842261
2011-06-26 00:00:00+00:00,3,6,0,0,0,1,0.7736339999945174,0.7331846205382223,0.5278488431876607,0.1487237030927206,5305,0.0,0.0,1.0,0.0,0.0,0.0,0.0,0.0,0.0,0.0,0.0,0.0,1.0,0.0,0.0,0.0,1.0,0.0,0.0,0.0,0.0,0.0,0.0,1.0,0.0,0.0,1,0.7604171166367618,4925.071385168667
2012-09-22 00:00:00+00:00,3,9,0,6,0,1,0.7362525272990665,0.6975583938808106,0.6649532133676093,0.5384596037737133,8395,0.0,0.0,1.0,0.0,0.0,0.0,0.0,0.0,0.0,0.0,0.0,0.0,0.0,0.0,0.0,1.0,0.0,0.0,0.0,0.0,0.0,0.0,1.0,1.0,0.0,0.0,1,0.7235764128201343,6824.223628172074
2011-07-06 00:00:00+00:00,3,7,0,3,1,1,0.8234759635884519,0.7961963512947307,0.7643526992287918,0.2628300210711291,4629,0.0,0.0,1.0,0.0,0.0,0.0,0.0,0.0,0.0,0.0,0.0,0.0,0.0,1.0,0.0,0.0,0.0,0.0,0.0,1.0,0.0,0.0,0.0,1.0,0.0,0.0,0,0.8171562233846046,4384.435620676911
2011-03-09 00:00:00+00:00,1,3,0,3,1,2,0.29494305929474124,0.2724221686200425,0.7973439588688945,0.4076891376587319,1891,1.0,0.0,0.0,0.0,0.0,0.0,0.0,0.0,0.0,1.0,0.0,0.0,0.0,0.0,0.0,0.0,0.0,0.0,0.0,1.0,0.0,0.0,0.0,0.0,1.0,0.0,0,0.28641695287451097,1591.5301674950974
2012-04-25 00:00:00+00:00,2,4,0,3,1,1,0.5202711004083801,0.5135650326636093,0.4400174807197943,0.19873428916532476,6196,0.0,1.0,0.0,0.0,0.0,0.0,0.0,0.0,0.0,0.0,1.0,0.0,0.0,0.0,0.0,0.0,0.0,0.0,0.0,1.0,0.0,0.0,0.0,1.0,0.0,0.0,0,0.5214499535469679,6589.822428118752
2012-06-28 00:00:00+00:00,3,6,0,4,1,1,0.8598194773920592,0.7829111724140827,0.4344473007712082,0.30770383652877425,6879,0.0,0.0,1.0,0.0,0.0,0.0,0.0,0.0,0.0,0.0,0.0,0.0,1.0,0.0,0.0,0.0,0.0,0.0,0.0,0.0,1.0,0.0,0.0,1.0,0.0,0.0,0,0.8294358132568765,7520.641381598243
2011-04-17 00:00:00+00:00,2,4,0,0,0,1,0.4953501186114129,0.4812466462175634,0.493144473007712,0.5795113007098133,3744,0.0,1.0,0.0,0.0,0.0,0.0,0.0,0.0,0.0,0.0,1.0,0.0,0.0,0.0,0.0,0.0,1.0,0.0,0.0,0.0,0.0,0.0,0.0,1.0,0.0,0.0,1,0.49268131027853124,3376.028485963221
2011-01-09 00:00:00+00:00,1,1,0,0,0,1,0.098690327643624,0.04870584689635328,0.44644421593830336,0.7000172964263193,822,1.0,0.0,0.0,0.0,1.0,0.0,0.0,0.0,0.0,0.0,0.0,0.0,0.0,0.0,0.0,0.0,1.0,0.0,0.0,0.0,0.0,0.0,0.0,1.0,0.0,0.0,1,0.07498763723953583,409.923120280956
2011-03-10 00:00:00+00:00,1,3,0,4,1,3,0.41114710531581994,0.40245179216682436,0.0,0.49371154302470593,623,1.0,0.0,0.0,0.0,0.0,0.0,0.0,0.0,0.0,1.0,0.0,0.0,0.0,0.0,0.0,0.0,0.0,0.0,0.0,0.0,1.0,0.0,0.0,0.0,0.0,1.0,0,0.41041076601404614,1704.7107393535782
2011-12-26 00:00:00+00:00,1,12,1,1,0,1,0.32722320701635293,0.3103927613955095,0.5212925449871465,0.4475080261396624,1317,1.0,0.0,0.0,0.0,0.0,0.0,0.0,1.0,0.0,0.0,0.0,0.0,0.0,0.0,0.0,0.0,0.0,1.0,0.0,0.0,0.0,0.0,0.0,1.0,0.0,0.0,0,0.3217696123025423,1047.9787554012821
2011-01-18 00:00:00+00:00,1,1,0,2,1,2,0.1962983370478057,0.20117890375025066,0.8860329048843186,0.25642271558840934,683,1.0,0.0,0.0,0.0,1.0,0.0,0.0,0.0,0.0,0.0,0.0,0.0,0.0,0.0,0.0,0.0,0.0,0.0,1.0,0.0,0.0,0.0,0.0,0.0,1.0,0.0,0,0.20038310050940375,631.7175961113402
2012-04-10 00:00:00+00:00,2,4,0,2,1,1,0.48288962771292926,0.46882518116988325,0.4473007712082262,0.4679380124117836,5918,0.0,1.0,0.0,0.0,0.0,0.0,0.0,0.0,0.0,0.0,1.0,0.0,0.0,0.0,0.0,0.0,0.0,0.0,1.0,0.0,0.0,0.0,0.0,1.0,0.0,0.0,0,0.48013286663240984,5847.893367729937
2012-03-14 00:00:00+00:00,1,3,0,3,1,1,0.6396837228358183,0.6163443535167591,0.5214221079691516,0.19104469796502083,6312,1.0,0.0,0.0,0.0,0.0,0.0,0.0,0.0,0.0,1.0,0.0,0.0,0.0,0.0,0.0,0.0,0.0,0.0,0.0,1.0,0.0,0.0,0.0,1.0,0.0,0.0,0,0.6337192921602368,6050.6303739936175
2011-11-16 00:00:00+00:00,4,11,0,3,1,3,0.4953501186114129,0.4895057456659416,0.9562982005141388,0.2359185134226659,1817,0.0,0.0,0.0,1.0,0.0,0.0,1.0,0.0,0.0,0.0,0.0,0.0,0.0,0.0,0.0,0.0,0.0,0.0,0.0,1.0,0.0,0.0,0.0,0.0,0.0,1.0,0,0.49673797201728653,1666.0823622379166
2012-09-20 00:00:00+00:00,3,9,0,4,1,1,0.6074945366977655,0.5947843235676789,0.6358179948586118,0.19744581878993872,7720,0.0,0.0,1.0,0.0,0.0,0.0,0.0,0.0,0.0,0.0,0.0,0.0,0.0,0.0,0.0,1.0,0.0,0.0,0.0,0.0,1.0,0.0,0.0,1.0,0.0,0.0,0,0.6064741536102807,6999.406676803281
2011-11-19 00:00:00+00:00,4,11,0,6,0,1,0.33647885965574653,0.3221382194158669,0.5162807197943444,0.4166486452610163,3663,0.0,0.0,0.0,1.0,0.0,0.0,1.0,0.0,0.0,0.0,0.0,0.0,0.0,0.0,0.0,0.0,0.0,0.0,0.0,0.0,0.0,0.0,1.0,1.0,0.0,0.0,1,0.33232776434225275,3467.729554056654
2012-07-23 00:00:00+00:00,3,7,0,1,1,1,0.8504741092181963,0.8019509431545033,0.7137964010282776,0.23974063194421108,6966,0.0,0.0,1.0,0.0,0.0,0.0,0.0,0.0,0.0,0.0,0.0,0.0,0.0,1.0,0.0,0.0,0.0,1.0,0.0,0.0,0.0,0.0,0.0,1.0,0.0,0.0,0,0.8339521698175856,6484.228384702521
2012-03-10 00:00:00+00:00,1,3,0,6,0,1,0.2845597322290348,0.2608171625451677,0.3603259640102827,0.41923383222219085,4118,1.0,0.0,0.0,0.0,0.0,0.0,0.0,0.0,0.0,1.0,0.0,0.0,0.0,0.0,0.0,0.0,0.0,0.0,0.0,0.0,0.0,0.0,1.0,1.0,0.0,0.0,1,0.27534430368484397,4687.349866584314
2011-04-20 00:00:00+00:00,2,4,0,3,1,1,0.6677198273574064,0.6370511707129077,0.6315341902313625,0.4525794455371819,3944,0.0,1.0,0.0,0.0,0.0,0.0,0.0,0.0,0.0,0.0,1.0,0.0,0.0,0.0,0.0,0.0,0.0,0.0,0.0,1.0,0.0,0.0,0.0,1.0,0.0,0.0,0,0.6583964580933045,4322.75088345107
2012-07-06 00:00:00+00:00,3,7,0,5,1,1,0.9584641996389947,0.8840116330964639,0.4635814910025707,0.2551177527922184,6207,0.0,0.0,1.0,0.0,0.0,0.0,0.0,0.0,0.0,0.0,0.0,0.0,0.0,1.0,0.0,0.0,0.0,0.0,0.0,0.0,0.0,1.0,0.0,1.0,0.0,0.0,0,0.930134768595558,7387.067414138446
2011-01-04 00:00:00+00:00,1,1,0,2,1,1,0.17553043686730302,0.17464923767409474,0.6071311053984576,0.28429696830136103,1562,1.0,0.0,0.0,0.0,1.0,0.0,0.0,0.0,0.0,0.0,0.0,0.0,0.0,0.0,0.0,0.0,0.0,0.0,1.0,0.0,0.0,0.0,0.0,1.0,0.0,0.0,0,0.1766066269553954,1340.244041960824
2011-08-11 00:00:00+00:00,3,8,0,4,1,1,0.8203608408638311,0.7514197460208781,0.43573264781491,0.29357395500414063,4792,0.0,0.0,1.0,0.0,0.0,0.0,0.0,0.0,0.0,0.0,0.0,0.0,0.0,0.0,1.0,0.0,0.0,0.0,0.0,0.0,1.0,0.0,0.0,1.0,0.0,0.0,0,0.7935512488805818,5317.980616324456
2011-12-25 00:00:00+00:00,1,12,0,0,0,1,0.2687137259534332,0.2636970837450632,0.7005696658097686,0.273566587015146,754,1.0,0.0,0.0,0.0,0.0,0.0,0.0,1.0,0.0,0.0,0.0,0.0,0.0,0.0,0.0,0.0,1.0,0.0,0.0,0.0,0.0,0.0,0.0,1.0,0.0,0.0,1,0.26855977547808585,1296.1293526022969
2011-09-20 00:00:00+00:00,3,9,0,2,1,2,0.626185273045491,0.5948171394427917,0.9061696658097685,0.23205310229650772,3641,0.0,0.0,1.0,0.0,0.0,0.0,0.0,0.0,0.0,0.0,0.0,0.0,0.0,0.0,0.0,1.0,0.0,0.0,1.0,0.0,0.0,0.0,0.0,0.0,1.0,0.0,0,0.6161612710013804,3981.4872304197047
2012-01-18 00:00:00+00:00,1,1,0,3,1,1,0.30428842746860396,0.25751851077883353,0.45586940874035986,0.8102670679547523,3376,1.0,0.0,0.0,0.0,1.0,0.0,0.0,0.0,0.0,0.0,0.0,0.0,0.0,0.0,0.0,0.0,0.0,0.0,0.0,1.0,0.0,0.0,0.0,1.0,0.0,0.0,0,0.2839321508495327,3391.5616825487314
2011-05-20 00:00:00+00:00,2,5,0,5,1,1,0.5950340457992819,0.5906495233034716,0.7399311053984575,0.21155920789376742,4917,0.0,1.0,0.0,0.0,0.0,0.0,0.0,0.0,0.0,0.0,0.0,1.0,0.0,0.0,0.0,0.0,0.0,0.0,0.0,0.0,0.0,1.0,0.0,1.0,0.0,0.0,0,0.5979959111015977,4589.936815587307
2012-09-21 00:00:00+00:00,3,9,0,5,1,1,0.6729121139148047,0.6469996314120907,0.6876606683804627,0.2717895286734136,8167,0.0,0.0,1.0,0.0,0.0,0.0,0.0,0.0,0.0,0.0,0.0,0.0,0.0,0.0,0.0,1.0,0.0,0.0,0.0,0.0,0.0,1.0,0.0,1.0,0.0,0.0,0,0.6659694950900338,7074.529967561051
2012-03-09 00:00:00+00:00,1,3,0,5,1,2,0.438238704627303,0.41743552074330836,0.41859434447300764,0.8089703513689638,4569,1.0,0.0,0.0,0.0,0.0,0.0,0.0,0.0,0.0,1.0,0.0,0.0,0.0,0.0,0.0,0.0,0.0,0.0,0.0,0.0,0.0,1.0,0.0,0.0,1.0,0.0,0,0.4317881870680691,4174.6975976724425
2012-09-29 00:00:00+00:00,4,9,0,6,0,1,0.6023022501403674,0.5922955675991275,0.5582694087403598,0.42305595074373603,8555,0.0,0.0,0.0,1.0,0.0,0.0,0.0,0.0,0.0,0.0,0.0,0.0,0.0,0.0,0.0,1.0,0.0,0.0,0.0,0.0,0.0,0.0,1.0,1.0,0.0,0.0,1,0.6025651357904976,7604.011382199915
2012-03-04 00:00:00+00:00,1,3,0,0,0,1,0.33232453199019213,0.29396644694906865,0.4147383033419023,0.6435740477740077,3423,1.0,0.0,0.0,0.0,0.0,0.0,0.0,0.0,0.0,1.0,0.0,0.0,0.0,0.0,0.0,0.0,1.0,0.0,0.0,0.0,0.0,0.0,0.0,1.0,0.0,0.0,1,0.31634095816390284,4028.4713329153187
2011-01-03 00:00:00+00:00,1,1,0,1,1,1,0.17099980237661438,0.14483010827663623,0.4496380462724936,0.46574039733952516,1349,1.0,0.0,0.0,0.0,1.0,0.0,0.0,0.0,0.0,0.0,0.0,0.0,0.0,0.0,0.0,0.0,0.0,1.0,0.0,0.0,0.0,0.0,0.0,1.0,0.0,0.0,0,0.15961597107468656,1176.9171078161658
2012-11-09 00:00:00+00:00,4,11,0,5,1,1,0.3769754550758184,0.36273802010536776,0.5561264781491002,0.3961609355160778,5992,0.0,0.0,0.0,1.0,0.0,0.0,1.0,0.0,0.0,0.0,0.0,0.0,0.0,0.0,0.0,0.0,0.0,0.0,0.0,0.0,0.0,1.0,0.0,1.0,0.0,0.0,0,0.3732231956978238,5633.96219980965
2012-04-29 00:00:00+00:00,2,4,0,0,0,1,0.49742603639510025,0.4870550561125211,0.6036843187660669,0.19485032406576105,6304,0.0,1.0,0.0,0.0,0.0,0.0,0.0,0.0,0.0,0.0,1.0,0.0,0.0,0.0,0.0,0.0,1.0,0.0,0.0,0.0,0.0,0.0,0.0,1.0,0.0,0.0,1,0.49660838062989143,5876.108811345892
2011-08-02 00:00:00+00:00,3,8,0,2,1,1,0.9023919905958182,0.8243366205214205,0.5051413881748071,0.378208935469899,4845,0.0,0.0,1.0,0.0,0.0,0.0,0.0,0.0,0.0,0.0,0.0,0.0,0.0,0.0,1.0,0.0,0.0,0.0,1.0,0.0,0.0,0.0,0.0,1.0,0.0,0.0,0,0.8718109074685256,5198.419362243074
2012-11-11 00:00:00+00:00,4,11,0,0,0,1,0.4506991955257867,0.44976572090439493,0.6778066838046272,0.21668628921150357,6852,0.0,0.0,0.0,1.0,0.0,0.0,1.0,0.0,0.0,0.0,0.0,0.0,0.0,0.0,0.0,0.0,1.0,0.0,0.0,0.0,0.0,0.0,0.0,1.0,0.0,0.0,1,0.45411530022971847,5539.5830826636975
2012-02-16 00:00:00+00:00,1,2,0,4,1,2,0.320903246032642,0.32959267360648037,0.7742077120822621,0.14231577914422067,3005,1.0,0.0,0.0,0.0,0.0,0.0,0.0,0.0,1.0,0.0,0.0,0.0,0.0,0.0,0.0,0.0,0.0,0.0,0.0,0.0,1.0,0.0,0.0,0.0,1.0,0.0,0,0.32793003870333826,3701.003938455036
2012-04-12 00:00:00+00:00,2,4,0,4,1,1,0.4216251321123548,0.40499305353555604,0.47943444730077117,0.552572992877542,5409,0.0,1.0,0.0,0.0,0.0,0.0,0.0,0.0,0.0,0.0,1.0,0.0,0.0,0.0,0.0,0.0,0.0,0.0,0.0,0.0,1.0,0.0,0.0,1.0,0.0,0.0,0,0.41708053169863357,5565.331461087691
2011-03-07 00:00:00+00:00,1,3,0,1,1,1,0.2524602616254511,0.20922273105788924,0.5668935732647815,0.6575534359587962,1872,1.0,0.0,0.0,0.0,0.0,0.0,0.0,0.0,0.0,1.0,0.0,0.0,0.0,0.0,0.0,0.0,0.0,1.0,0.0,0.0,0.0,0.0,0.0,1.0,0.0,0.0,0,0.23339344396526432,1653.287004892152
2011-06-30 00:00:00+00:00,3,6,0,4,1,1,0.7944019001750201,0.7323694742004214,0.44644421593830336,0.33586876815841304,5515,0.0,0.0,1.0,0.0,0.0,0.0,0.0,0.0,0.0,0.0,0.0,0.0,1.0,0.0,0.0,0.0,0.0,0.0,0.0,0.0,1.0,0.0,0.0,1.0,0.0,0.0,0,0.7707625066971667,5235.627374503496
2011-09-17 00:00:00+00:00,3,9,0,6,0,2,0.5389618367561055,0.5243220765255706,0.7386457583547558,0.344863322154908,4511,0.0,0.0,1.0,0.0,0.0,0.0,0.0,0.0,0.0,0.0,0.0,0.0,0.0,0.0,0.0,1.0,0.0,0.0,0.0,0.0,0.0,0.0,1.0,0.0,1.0,0.0,1,0.5364045417590516,3846.94137277362
2011-07-13 00:00:00+00:00,3,7,0,3,1,1,0.8567043546674382,0.8011462978967386,0.6495290488431876,0.2550991988188129,4342,0.0,0.0,1.0,0.0,0.0,0.0,0.0,0.0,0.0,0.0,0.0,0.0,0.0,1.0,0.0,0.0,0.0,0.0,0.0,1.0,0.0,0.0,0.0,1.0,0.0,0.0,0,0.8367806146758056,4713.105276327642
2011-05-16 00:00:00+00:00,2,5,0,1,1,1,0.6459139682850602,0.618831796850306,0.8101974293059125,0.21538957262571506,3958,0.0,1.0,0.0,0.0,0.0,0.0,0.0,0.0,0.0,0.0,0.0,1.0,0.0,0.0,0.0,0.0,0.0,1.0,0.0,0.0,0.0,0.0,0.0,1.0,0.0,0.0,0,0.6381647280611774,4340.234275396346
2011-09-29 00:00:00+00:00,4,9,0,4,1,1,0.694717972987151,0.6503350369585511,0.7189377892030848,0.31024573088533586,4839,0.0,0.0,0.0,1.0,0.0,0.0,0.0,0.0,0.0,0.0,0.0,0.0,0.0,0.0,0.0,1.0,0.0,0.0,0.0,0.0,1.0,0.0,0.0,1.0,0.0,0.0,0,0.6788905945665747,5812.850041096361
2011-02-17 00:00:00+00:00,1,2,0,4,1,1,0.46938993187351213,0.45888197101071837,0.519280205655527,0.42820983224528025,2475,1.0,0.0,0.0,0.0,0.0,0.0,0.0,0.0,1.0,0.0,0.0,0.0,0.0,0.0,0.0,0.0,0.0,0.0,0.0,0.0,1.0,0.0,0.0,1.0,0.0,0.0,0,0.4682639718535243,2612.800718213819
2012-09-07 00:00:00+00:00,3,9,0,5,1,1,0.8027080634079492,0.7588794507515098,0.7570694087403598,0.30769559031837174,7504,0.0,0.0,1.0,0.0,0.0,0.0,0.0,0.0,0.0,0.0,0.0,0.0,0.0,0.0,0.0,1.0,0.0,0.0,0.0,0.0,0.0,1.0,0.0,1.0,0.0,0.0,0,0.7880813318126223,7257.124484543032
2012-07-13 00:00:00+00:00,3,7,0,5,1,2,0.8380136183197128,0.7729627117148998,0.4995712082262211,0.12051486039268866,7499,0.0,0.0,1.0,0.0,0.0,0.0,0.0,0.0,0.0,0.0,0.0,0.0,0.0,1.0,0.0,0.0,0.0,0.0,0.0,0.0,0.0,1.0,0.0,0.0,1.0,0.0,0,0.8132665475629404,6721.79492898942
2012-08-05 00:00:00+00:00,3,8,0,0,0,1,0.8847404591890264,0.8558503617097017,0.6709511568123393,0.552556500456737,5464,0.0,0.0,1.0,0.0,0.0,0.0,0.0,0.0,0.0,0.0,0.0,0.0,0.0,0.0,1.0,0.0,1.0,0.0,0.0,0.0,0.0,0.0,0.0,1.0,0.0,0.0,1,0.8781563723179903,6396.934458479476
2011-03-28 00:00:00+00:00,2,3,0,1,1,1,0.25571120370086553,0.23431112389909303,0.310718766066838,0.39130804069422376,2028,0.0,1.0,0.0,0.0,0.0,0.0,0.0,0.0,0.0,1.0,0.0,0.0,0.0,0.0,0.0,0.0,0.0,1.0,0.0,0.0,0.0,0.0,0.0,1.0,0.0,0.0,0,0.24739834006972142,3530.2736306832912
2012-02-06 00:00:00+00:00,1,2,0,1,1,1,0.27846530613058645,0.28530961909432384,0.6397676092544987,0.27090512260774857,3784,1.0,0.0,0.0,0.0,0.0,0.0,0.0,0.0,1.0,0.0,0.0,0.0,0.0,0.0,0.0,0.0,0.0,1.0,0.0,0.0,0.0,0.0,0.0,1.0,0.0,0.0,0,0.2842209913547715,3765.069762172311
2011-12-24 00:00:00+00:00,1,12,0,6,0,1,0.30325046857676025,0.2890059992670246,0.5578406169665809,0.3461600387406965,1011,1.0,0.0,0.0,0.0,0.0,0.0,0.0,1.0,0.0,0.0,0.0,0.0,0.0,0.0,0.0,0.0,0.0,0.0,0.0,0.0,0.0,0.0,1.0,1.0,0.0,0.0,1,0.2988609497307916,1872.7844386722682
2011-09-23 00:00:00+00:00,4,9,0,5,1,2,0.6853726048132883,0.5815700269772744,1.0,0.11539540681957478,2395,0.0,0.0,0.0,1.0,0.0,0.0,0.0,0.0,0.0,0.0,0.0,0.0,0.0,0.0,0.0,1.0,0.0,0.0,0.0,0.0,0.0,1.0,0.0,0.0,1.0,0.0,0,0.6402794531888185,5137.6306835573
2012-01-01 00:00:00+00:00,1,1,0,0,0,1,0.3873587821415248,0.38926374827651017,0.7120822622107968,0.35000071123564724,2294,1.0,0.0,0.0,0.0,1.0,0.0,0.0,0.0,0.0,0.0,0.0,0.0,0.0,0.0,0.0,0.0,1.0,0.0,0.0,0.0,0.0,0.0,0.0,1.0,0.0,0.0,1,0.3916245279746542,3510.57008444239
2012-12-24 00:00:00+00:00,1,12,0,1,1,2,0.21453675757591623,0.23605167791507353,0.813680205655527,0.1130528645994929,920,1.0,0.0,0.0,0.0,0.0,0.0,0.0,1.0,0.0,0.0,0.0,0.0,0.0,0.0,0.0,0.0,0.0,1.0,0.0,0.0,0.0,0.0,0.0,0.0,1.0,0.0,0,0.22694869019212408,2944.799901618221
2011-04-09 00:00:00+00:00,2,4,0,6,0,2,0.35309243217069486,0.344513395702748,0.9023136246786632,0.2281959373807521,2455,0.0,1.0,0.0,0.0,0.0,0.0,0.0,0.0,0.0,0.0,1.0,0.0,0.0,0.0,0.0,0.0,0.0,0.0,0.0,0.0,0.0,0.0,1.0,0.0,1.0,0.0,1,0.351914116370487,2608.8268088813547
2011-08-13 00:00:00+00:00,3,8,0,6,0,2,0.7809022043356029,0.7439862939903369,0.7502138817480719,0.38976187624376046,4150,0.0,0.0,1.0,0.0,0.0,0.0,0.0,0.0,0.0,0.0,0.0,0.0,0.0,0.0,1.0,0.0,0.0,0.0,0.0,0.0,0.0,0.0,1.0,0.0,1.0,0.0,1,0.7694833558882523,4073.895418174247
2012-02-29 00:00:00+00:00,1,2,0,3,1,2,0.35539513088873453,0.35362439526905337,0.8275403598971722,0.3230974497975865,1834,1.0,0.0,0.0,0.0,0.0,0.0,0.0,0.0,1.0,0.0,0.0,0.0,0.0,0.0,0.0,0.0,0.0,0.0,0.0,1.0,0.0,0.0,0.0,0.0,1.0,0.0,0,0.35758067708598607,3523.8245209667775
2011-02-16 00:00:00+00:00,1,2,0,3,1,1,0.32288944828186034,0.3112656636735087,0.4354529562982005,0.4729187234948759,2115,1.0,0.0,0.0,0.0,0.0,0.0,0.0,0.0,1.0,0.0,0.0,0.0,0.0,0.0,0.0,0.0,0.0,0.0,0.0,1.0,0.0,0.0,0.0,1.0,0.0,0.0,0,0.3199559776122819,2178.8862330420743
2012-04-17 00:00:00+00:00,2,4,0,2,1,1,0.6843333998723548,0.6818054611916835,0.4014570694087404,0.517938909187165,6691,0.0,1.0,0.0,0.0,0.0,0.0,0.0,0.0,0.0,0.0,1.0,0.0,0.0,0.0,0.0,0.0,0.0,0.0,1.0,0.0,0.0,0.0,0.0,1.0,0.0,0.0,0,0.6889748676523778,6587.1478191364295
2012-02-24 00:00:00+00:00,1,2,0,5,1,2,0.43408562301083836,0.4356653956859462,0.7583547557840618,0.44359519930369,3487,1.0,0.0,0.0,0.0,0.0,0.0,0.0,0.0,1.0,0.0,0.0,0.0,0.0,0.0,0.0,0.0,0.0,0.0,0.0,0.0,0.0,1.0,0.0,0.0,1.0,0.0,0,0.43859334673948713,3751.600048358577
2011-05-21 00:00:00+00:00,2,5,0,6,0,1,0.6770651955312693,0.6470048819521087,0.6443876606683804,0.2025646538972724,5805,0.0,1.0,0.0,0.0,0.0,0.0,0.0,0.0,0.0,0.0,0.0,1.0,0.0,0.0,0.0,0.0,0.0,0.0,0.0,0.0,0.0,0.0,1.0,1.0,0.0,0.0,1,0.6681209700141004,4930.398693588058
2011-03-18 00:00:00+00:00,1,3,0,5,1,1,0.5991871274157465,0.5879809363393024,0.5400688946015424,0.43009202976964417,3239,1.0,0.0,0.0,0.0,0.0,0.0,0.0,0.0,0.0,1.0,0.0,0.0,0.0,0.0,0.0,0.0,0.0,0.0,0.0,0.0,0.0,1.0,0.0,1.0,0.0,0.0,0,0.5988340643534067,3580.157159193764
2012-06-23 00:00:00+00:00,3,6,0,6,0,1,0.8380136183197128,0.7530881051116107,0.5496997429305913,0.3243426275683595,7458,0.0,0.0,1.0,0.0,0.0,0.0,0.0,0.0,0.0,0.0,0.0,0.0,1.0,0.0,0.0,0.0,0.0,0.0,0.0,0.0,0.0,0.0,1.0,1.0,0.0,0.0,1,0.8035046411124486,7156.353867333099
2011-04-10 00:00:00+00:00,2,4,0,0,0,2,0.45796864591596204,0.4563603991670543,0.8817480719794344,0.2564062231676045,2895,0.0,1.0,0.0,0.0,0.0,0.0,0.0,0.0,0.0,0.0,1.0,0.0,0.0,0.0,0.0,0.0,1.0,0.0,0.0,0.0,0.0,0.0,0.0,0.0,1.0,0.0,1,0.4611158140821352,2624.689087141409
2012-11-25 00:00:00+00:00,4,11,0,0,0,1,0.23264060480232307,0.2343229376141336,0.4815763496143959,0.26410199902571024,2424,0.0,0.0,0.0,1.0,0.0,0.0,1.0,0.0,0.0,0.0,0.0,0.0,0.0,0.0,0.0,0.0,1.0,0.0,0.0,0.0,0.0,0.0,0.0,1.0,0.0,0.0,1,0.23546690616358554,5123.845391357454
2012-11-01 00:00:00+00:00,4,11,0,4,1,2,0.3821664955841267,0.38180929408589664,0.5981151670951157,0.27821538812953894,5986,0.0,0.0,0.0,1.0,0.0,0.0,1.0,0.0,0.0,0.0,0.0,0.0,0.0,0.0,0.0,0.0,0.0,0.0,0.0,0.0,1.0,0.0,0.0,0.0,1.0,0.0,0,0.38527648419210736,5229.8746648603765
2011-04-24 00:00:00+00:00,2,4,0,0,0,2,0.6511062548424583,0.6204739032409483,0.833761439588689,0.35001720365645217,4191,0.0,1.0,0.0,0.0,0.0,0.0,0.0,0.0,0.0,0.0,1.0,0.0,0.0,0.0,0.0,0.0,1.0,0.0,0.0,0.0,0.0,0.0,0.0,0.0,1.0,0.0,1,0.6416578929214091,3275.514745683138
2012-06-14 00:00:00+00:00,2,6,0,4,1,1,0.7341753634662893,0.71579745726848,0.5856894601542416,0.47692225864527543,7363,0.0,1.0,0.0,0.0,0.0,0.0,0.0,0.0,0.0,0.0,0.0,0.0,1.0,0.0,0.0,0.0,0.0,0.0,0.0,0.0,1.0,0.0,0.0,1.0,0.0,0.0,0,0.7314602112533034,6715.40120640772
2011-05-22 00:00:00+00:00,2,5,0,0,0,1,0.6791423593640464,0.650319285338497,0.7707794344473007,0.258964609944971,4660,0.0,1.0,0.0,0.0,0.0,0.0,0.0,0.0,0.0,0.0,0.0,1.0,0.0,0.0,0.0,0.0,1.0,0.0,0.0,0.0,0.0,0.0,0.0,1.0,0.0,0.0,1,0.6708236918845488,4303.524929310082
2012-03-27 00:00:00+00:00,2,3,0,2,1,1,0.3292094092655712,0.31054896496104617,0.29820051413881743,0.33974448704757426,5102,0.0,1.0,0.0,0.0,0.0,0.0,0.0,0.0,0.0,1.0,0.0,0.0,0.0,0.0,0.0,0.0,0.0,0.0,1.0,0.0,0.0,0.0,0.0,1.0,0.0,0.0,0,0.32287404039511824,6005.13593884609
2011-03-19 00:00:00+00:00,1,3,0,6,0,1,0.515078813850982,0.5085875207265067,0.3898889460154241,0.7128339689443595,3117,1.0,0.0,0.0,0.0,0.0,0.0,0.0,0.0,0.0,1.0,0.0,0.0,0.0,0.0,0.0,0.0,0.0,0.0,0.0,0.0,0.0,0.0,1.0,1.0,0.0,0.0,1,0.5163185214460851,3026.036321695876
2012-02-25 00:00:00+00:00,1,2,0,6,0,1,0.2887128138454994,0.23181843002552804,0.4070262210796915,0.82307549426239,2732,1.0,0.0,0.0,0.0,0.0,0.0,0.0,0.0,1.0,0.0,0.0,0.0,0.0,0.0,0.0,0.0,0.0,0.0,0.0,0.0,0.0,0.0,1.0,1.0,0.0,0.0,1,0.2632497522612407,3560.775258364609
2012-01-16 00:00:00+00:00,1,1,1,1,0,1,0.16306994596881935,0.14648140311231006,0.5372750642673522,0.43079501920645485,2298,1.0,0.0,0.0,0.0,1.0,0.0,0.0,0.0,0.0,0.0,0.0,0.0,0.0,0.0,0.0,0.0,0.0,1.0,0.0,0.0,0.0,0.0,0.0,1.0,0.0,0.0,0,0.15632396299488918,2498.3864016059565
2011-12-31 00:00:00+00:00,1,12,0,6,0,1,0.43720074573545925,0.4398001959501534,0.6332473007712082,0.4076973838691343,2485,1.0,0.0,0.0,0.0,0.0,0.0,0.0,1.0,0.0,0.0,0.0,0.0,0.0,0.0,0.0,0.0,0.0,0.0,0.0,0.0,0.0,0.0,1.0,1.0,0.0,0.0,1,0.44223608971850303,2167.8079172840485
2011-10-18 00:00:00+00:00,4,10,0,2,1,2,0.5898417592418838,0.5823523574399626,0.7215084832904884,0.18078847377694784,4748,0.0,0.0,0.0,1.0,0.0,1.0,0.0,0.0,0.0,0.0,0.0,0.0,0.0,0.0,0.0,0.0,0.0,0.0,1.0,0.0,0.0,0.0,0.0,0.0,1.0,0.0,0,0.5912339485593112,4505.259255856199
2012-05-30 00:00:00+00:00,2,5,0,3,1,2,0.7445599365810855,0.6983997929187017,0.6889460154241646,0.23076463192112173,6855,0.0,1.0,0.0,0.0,0.0,0.0,0.0,0.0,0.0,0.0,0.0,1.0,0.0,0.0,0.0,0.0,0.0,0.0,0.0,1.0,0.0,0.0,0.0,0.0,1.0,0.0,0,0.7282881235618419,6702.805431028404
2011-11-18 00:00:00+00:00,4,11,0,5,1,1,0.2679461597140866,0.25419360631240917,0.4215938303341902,0.3012779770726489,3392,0.0,0.0,0.0,1.0,0.0,0.0,1.0,0.0,0.0,0.0,0.0,0.0,0.0,0.0,0.0,0.0,0.0,0.0,0.0,0.0,0.0,1.0,0.0,1.0,0.0,0.0,0,0.26349475090407726,3653.758866949601
2011-01-17 00:00:00+00:00,1,1,1,1,0,2,0.14541716851293757,0.12824627762965418,0.5526992287917737,0.3538145835467899,1000,1.0,0.0,0.0,0.0,1.0,0.0,0.0,0.0,0.0,0.0,0.0,0.0,0.0,0.0,0.0,0.0,0.0,1.0,0.0,0.0,0.0,0.0,0.0,0.0,1.0,0.0,0,0.13823339215449873,72.96657891455106
2011-04-22 00:00:00+00:00,2,4,0,5,1,2,0.3458242278296093,0.3188185654894606,0.7502138817480719,0.4063924210729433,1683,0.0,1.0,0.0,0.0,0.0,0.0,0.0,0.0,0.0,0.0,1.0,0.0,0.0,0.0,0.0,0.0,0.0,0.0,0.0,0.0,0.0,1.0,0.0,0.0,1.0,0.0,0,0.33553273343051615,2714.966683348238
2012-05-19 00:00:00+00:00,2,5,0,6,0,1,0.6739500728066483,0.6403537603842554,0.4691516709511568,0.1269572122696189,8294,0.0,1.0,0.0,0.0,0.0,0.0,0.0,0.0,0.0,0.0,0.0,1.0,0.0,0.0,0.0,0.0,0.0,0.0,0.0,0.0,0.0,0.0,1.0,1.0,0.0,0.0,1,0.6632422733553014,7331.944860800906
2012-07-09 00:00:00+00:00,3,7,0,1,1,2,0.812053431581812,0.7547446504873025,0.7026560411311054,0.3269278145295341,6569,0.0,0.0,1.0,0.0,0.0,0.0,0.0,0.0,0.0,0.0,0.0,0.0,0.0,1.0,0.0,0.0,0.0,1.0,0.0,0.0,0.0,0.0,0.0,0.0,1.0,0.0,0,0.7908859215398293,5709.416999341918
2011-11-20 00:00:00+00:00,4,11,0,0,0,2,0.5036562818443421,0.49616080513880845,0.7039413881748072,0.3371840387176071,3520,0.0,0.0,0.0,1.0,0.0,0.0,1.0,0.0,0.0,0.0,0.0,0.0,0.0,0.0,0.0,0.0,1.0,0.0,0.0,0.0,0.0,0.0,0.0,0.0,1.0,0.0,1,0.5043045616813095,3072.4626628179612
2012-05-11 00:00:00+00:00,2,5,0,5,1,1,0.5908797181337274,0.5798741025514473,0.37060874035989716,0.4422964211653009,7030,0.0,1.0,0.0,0.0,0.0,0.0,0.0,0.0,0.0,0.0,0.0,1.0,0.0,0.0,0.0,0.0,0.0,0.0,0.0,0.0,0.0,1.0,0.0,1.0,0.0,0.0,0,0.5905537549588047,6802.358272411477
2012-05-25 00:00:00+00:00,2,5,0,5,1,1,0.7736339999945174,0.7199270069926691,0.7682087403598972,0.24358955064956433,6734,0.0,1.0,0.0,0.0,0.0,0.0,0.0,0.0,0.0,0.0,0.0,1.0,0.0,0.0,0.0,0.0,0.0,0.0,0.0,0.0,0.0,1.0,0.0,1.0,0.0,0.0,0,0.7539053106034769,7113.21286951541
2011-03-30 00:00:00+00:00,2,3,0,3,1,2,0.30013534585213936,0.28652249383849127,0.6649532133676093,0.3102560386483389,1536,0.0,1.0,0.0,0.0,0.0,0.0,0.0,0.0,0.0,1.0,0.0,0.0,0.0,0.0,0.0,0.0,0.0,0.0,0.0,1.0,0.0,0.0,0.0,0.0,1.0,0.0,0,0.29602928120621863,3003.42735101823
2011-12-06 00:00:00+00:00,4,12,0,2,1,3,0.5026183229524984,0.49529709130584065,0.9764349614395886,0.43332042114221153,2594,0.0,0.0,0.0,1.0,0.0,0.0,0.0,1.0,0.0,0.0,0.0,0.0,0.0,0.0,0.0,0.0,0.0,0.0,1.0,0.0,0.0,0.0,0.0,0.0,0.0,1.0,0,0.5033432643748118,1221.3008349573577
2011-06-08 00:00:00+00:00,2,6,0,3,1,1,0.8930466224219555,0.8508623486925629,0.6396740359897173,0.2358937747914585,4401,0.0,1.0,0.0,0.0,0.0,0.0,0.0,0.0,0.0,0.0,0.0,0.0,1.0,0.0,0.0,0.0,0.0,0.0,0.0,1.0,0.0,0.0,0.0,1.0,0.0,0.0,0,0.8800041778715936,5463.573798564468
2011-11-02 00:00:00+00:00,4,11,0,3,1,1,0.3967041503153875,0.40831270746196247,0.7390745501285346,0.12307469025687565,4186,0.0,0.0,0.0,1.0,0.0,0.0,1.0,0.0,0.0,0.0,0.0,0.0,0.0,0.0,0.0,0.0,0.0,0.0,0.0,1.0,0.0,0.0,0.0,1.0,0.0,0.0,0,0.40581639672759173,3724.1913047167845
2011-12-09 00:00:00+00:00,4,12,0,5,1,1,0.2887128138454994,0.31302721984956144,0.7155095115681234,0.12436316063226169,3620,0.0,0.0,0.0,1.0,0.0,0.0,0.0,1.0,0.0,0.0,0.0,0.0,0.0,0.0,0.0,0.0,0.0,0.0,0.0,0.0,0.0,1.0,0.0,1.0,0.0,0.0,0,0.3031374655148291,3515.7781799004906
2011-07-18 00:00:00+00:00,3,7,0,1,1,1,0.8567043546674382,0.8202070707972314,0.6696658097686375,0.3987296300564474,4458,0.0,0.0,1.0,0.0,0.0,0.0,0.0,0.0,0.0,0.0,0.0,0.0,0.0,1.0,0.0,0.0,0.0,1.0,0.0,0.0,0.0,0.0,0.0,1.0,0.0,0.0,0,0.8461427864985115,4297.860662065643
2012-09-30 00:00:00+00:00,4,9,0,0,0,1,0.5825735549007983,0.57571304958715,0.5998282776349614,0.23206134850691024,6889,0.0,0.0,0.0,1.0,0.0,0.0,0.0,0.0,0.0,0.0,0.0,0.0,0.0,0.0,0.0,1.0,1.0,0.0,0.0,0.0,0.0,0.0,0.0,1.0,0.0,0.0,1,0.584212158508964,7419.199314847616
2012-05-05 00:00:00+00:00,2,5,0,6,0,2,0.7009482184363928,0.6635873999640862,0.7780637532133675,0.2692393881064495,6883,0.0,1.0,0.0,0.0,0.0,0.0,0.0,0.0,0.0,0.0,0.0,1.0,0.0,0.0,0.0,0.0,0.0,0.0,0.0,0.0,0.0,0.0,1.0,0.0,1.0,0.0,1,0.6886234880198887,6174.055640055905
2012-05-28 00:00:00+00:00,2,5,1,1,0,1,0.8141305954145892,0.7878834338111674,0.6953727506426735,0.35897671125873665,6043,0.0,1.0,0.0,0.0,0.0,0.0,0.0,0.0,0.0,0.0,0.0,1.0,0.0,0.0,0.0,0.0,0.0,1.0,0.0,0.0,0.0,0.0,0.0,1.0,0.0,0.0,0,0.8082376280520867,6321.152742348539
2011-07-26 00:00:00+00:00,3,7,0,2,1,1,0.8878555819136473,0.8110895080559035,0.5561264781491002,0.3666807333272449,4590,0.0,0.0,1.0,0.0,0.0,0.0,0.0,0.0,0.0,0.0,0.0,0.0,0.0,1.0,0.0,0.0,0.0,0.0,1.0,0.0,0.0,0.0,0.0,1.0,0.0,0.0,0,0.8577828009663262,4753.656370081992
2011-09-11 00:00:00+00:00,3,9,0,0,0,1,0.7404056089155312,0.6959057864101322,0.7339331619537275,0.19102820554421587,5046,0.0,0.0,1.0,0.0,0.0,0.0,0.0,0.0,0.0,0.0,0.0,0.0,0.0,0.0,0.0,1.0,1.0,0.0,0.0,0.0,0.0,0.0,0.0,1.0,0.0,0.0,1,0.7249135896234048,4816.3585654711405
2012-05-12 00:00:00+00:00,2,5,0,6,0,1,0.6293003957701119,0.6113563404996203,0.49400205655526985,0.20768348900460615,7429,0.0,1.0,0.0,0.0,0.0,0.0,0.0,0.0,0.0,0.0,0.0,1.0,0.0,0.0,0.0,0.0,0.0,0.0,0.0,0.0,0.0,0.0,1.0,1.0,0.0,0.0,1,0.6258967433877767,6990.727702585005
